,max,mean,min,stdv
age,90,38.58164675532078,17,13.640432553581146
fnlwgt,1484705,189778.36651208502,12285,105549.97769702235
education_num,16,10.0806793403151,1,2.5727203320673406
capital_gain,99999,1077.6488437087312,0,7385.292084839299
capital_loss,4356,87.303829734959,0,402.96021864905896
hours_per_week,99,40.437455852092995,1,12.347428681730811
